{
  "split": "val",
  "mean_iou": 0.3309260156714856,
  "per_class_iou": {
    "background": null,
    "class_100": 0.2863277515593036,
    "class_200": 0.0013805247566127565,
    "class_300": 0.43865880592545464,
    "class_500": 0.23435693017446868,
    "class_550": 0.0,
    "class_600": null,
    "class_700": null,
    "class_800": 0.0558970418703089,
    "class_7100": 0.5877321991161327,
    "class_10000": 0.9625982016473267
  },
  "model_path": "/content/drive/MyDrive/iba/best_model.pth",
  "use_tta": true
}